{
  "IncubatorItems": {
    "Fertilized Brown Egg": [ "White Chicken", "Brown Chicken", "White Male Chicken", "Brown Male Chicken" ],
    "Fertilized White Egg": [ "White Chicken", "Brown Chicken", "White Male Chicken", "Brown Male Chicken" ],
    "Fertilized Golden Egg": ["Golden Chicken", "Golden Male Chicken" ],
    "Fertilized Blue Egg": [ "Blue Chicken", "Blue Male Chicken" ],
    "Fertilized Void Egg": [ "Void Chicken", "Void Male Chicken" ],
    "Fertilized Duck Egg": [ "Duck", "Male Duck" ],
    "Fertilized Ostrich": [ "Ostrich", "Male Ostrich" ]
  }
}