{
  "IncubatorItems": {
    "Fertilized Brown Egg": [ "White Chicken", "Brown Chicken", "Male Chicken" ],
    "Fertilized White Egg": [ "White Chicken", "Brown Chicken", "Male Chicken" ],
    "Fertilized Golden Egg": [ "Golden Chicken", "Male Chicken" ],
    "Fertilized Blue Egg": [ "Blue Chicken", "Male Chicken" ],
    "Fertilized Void Egg": [ "Void Chicken", "Male Chicken" ],
    "Fertilized Duck Egg": [ "Duck", "Male Duck" ],
    "Fertilized Ostrich Egg": [ "Ostrich", "Male Ostrich" ],
    "Fertilized Dinosaur Egg": [ "Dinosaur", "Male Dinosaur" ],
    "Fertilized Large Brown Egg": [ "White Chicken", "Brown Chicken", "Male Chicken" ],
    "Fertilized Large White Egg": [ "White Chicken", "Brown Chicken", "Male Chicken" ],
    "Fertilized Large Golden Egg": [ "Golden Chicken", "Male Chicken" ],
    "Fertilized Large Blue Egg": [ "Blue Chicken", "Male Chicken" ],
    "Fertilized Large Void Egg": [ "Void Chicken", "Male Chicken" ],
    "Fertilized Large Duck Egg": [ "Duck", "Male Duck" ],
    "Fertilized Large Ostrich Egg": [ "Ostrich", "Male Ostrich" ],
    "Fertilized Large Dinosaur Egg": [ "Dinosaur", "Male Dinosaur" ]

  }
}